"","points.X","points.Y","points.Z","alpha","vect.1","vect.2","vect.3"
"1",332.570220947266,91.9223251342773,32.6811027526855,0.576182781734863,0.892346029999886,0.39388440281885,-0.220394282955525
"2",334.118286132812,92.0822143554688,32.9434967041016,0.748358476396268,0.884575653385823,0.452233608500734,-0.114064353675674
"3",333.628112792969,92.2132186889648,32.8716697692871,0.594307716117192,0.923272131948139,0.384131882726278,0.00335664134256006
"4",335.208343505859,92.3045654296875,33.1723136901855,0.903593455835554,0.891422950023679,0.0180254716016649,0.452813655430817
"5",334.691711425781,92.4389801025391,33.0894546508789,0.903593455835554,0.891422950023679,0.0180254716016649,0.452813655430817
"6",336.884155273438,93.3859405517578,33.5957679748535,0.779156156056413,0.860624985552397,0.507134247274378,-0.0462546158170968
"7",338.475616455078,93.6279144287109,33.8352851867676,0.840251723825996,-0.851091212917208,-0.406656180585474,0.33207604262691
"8",339.542663574219,94.0155181884766,33.9652099609375,0.669154059067926,0.928645853999449,0.303388194411317,0.213477121353729
"9",339.017974853516,94.0499114990234,33.906364440918,0.840251723825996,-0.851091212917208,-0.406656180585474,0.33207604262691
"10",329.804992675781,89.774299621582,33.2867202758789,0.94559756353966,-0.703922580321213,-0.65092765212495,0.284229119924446
"11",330.920440673828,90.357063293457,33.290943145752,0.983990914038262,0.834913601662844,0.548052880069222,0.0505699357939975
"12",330.432800292969,90.3482818603516,33.307674407959,0.983990914038262,0.834913601662844,0.548052880069222,0.0505699357939975
"13",331.542785644531,90.8890533447266,33.3589019775391,0.892673271001364,0.778218537156698,0.604673897305491,-0.16954464410024
"14",333.138397216797,91.2414855957031,33.5076713562012,0.576182781734863,0.892346029999886,0.39388440281885,-0.220394282955525
"15",332.132202148438,91.3620910644531,33.4301567077637,0.673233228946653,0.849689558444746,0.51961905646362,-0.0895750547297031
"16",335.955718994141,92.192497253418,34.0927810668945,0.616966762943569,0.879763853795385,0.292975089691775,0.374407743476533
"17",336.538116455078,92.5682601928711,34.2396621704102,0.700990979015211,0.832589363662493,0.435775570288267,0.34189852859587
"18",338.227508544922,93.2916793823242,34.5497627258301,0.840251723825996,-0.851091212917208,-0.406656180585474,0.33207604262691
"19",337.681701660156,93.3499298095703,34.4976959228516,0.573768585437189,0.931751165246972,0.35320348036754,0.0841847225876942
"20",340.496887207031,94.1343841552734,34.8214416503906,0.958549525749163,0.749307056284996,-0.148065594226997,0.645457601402075
"21",329.149139404297,88.6971817016602,33.9882354736328,0.915294842172966,-0.727975822152222,-0.507309554377783,0.461181329195808
"22",328.650573730469,88.6419906616211,34.0300559997559,0.721158413681262,0.945608922795089,0.192360549995649,-0.262337919362951
"23",328.137939453125,88.6059646606445,34.0644721984863,0.721158413681262,0.945608922795089,0.192360549995649,-0.262337919362951
"24",327.109405517578,88.5318374633789,34.1490821838379,0.644355808579048,0.990148344343991,0.0846482206288288,-0.1115389391075
"25",326.584991455078,88.5096817016602,34.1972541809082,0.645947628434267,0.886834482530928,0.388869086969405,-0.249610564266984
"26",321.501403808594,88.6496200561523,34.4740447998047,0.667528742986983,0.991303178180314,-0.116888841626397,0.0604566591274091
"27",320.885681152344,88.6967468261719,34.4988098144531,0.729990882389119,0.980804520194816,0.0666498600208359,-0.183249254635918
"28",341.488708496094,93.4226531982422,35.540225982666,0.964018943292016,0.708496789697304,-0.233327302887811,0.666026027055785
"29",325.87646484375,87.5079193115234,34.8614273071289,0.820758606953022,0.886816964434298,0.372250964415818,-0.273833692381034
"30",325.329895019531,87.5012359619141,34.8843460083008,0.914783425885128,0.974715548013833,-0.209261027528793,-0.0783544690345565
"31",324.805877685547,87.5008087158203,34.9041023254395,0.914783425885128,0.974715548013833,-0.209261027528793,-0.0783544690345565
"32",324.240539550781,87.5125350952148,34.9345893859863,0.885406095834319,0.850138808343764,-0.511609592091451,-0.124577814348555
"33",327.596649169922,88.110481262207,34.8406219482422,0.644355808579048,0.990148344343991,0.0846482206288288,-0.1115389391075
"34",323.806610107422,88.0585784912109,35.0455741882324,0.80374177392805,0.897531684603194,-0.426394871822257,-0.112357858723965
"35",322.634155273438,88.1182174682617,35.1063346862793,0.797431234593625,0.97249500305283,-0.110570076604667,0.205006651591877
"36",322.038665771484,88.1382522583008,35.1252937316895,0.825238067037971,0.944172711527864,-0.110163871953373,0.310486412138055
"37",320.089263916016,88.2240905761719,35.2059898376465,0.954109243814987,0.864666985605878,0.13573707312282,-0.483659436983602
"38",319.417907714844,88.2406005859375,35.2260513305664,0.94844503103033,-0.869121133239631,-0.0751195954098928,0.488861434500323
"39",323.366027832031,88.6270217895508,35.1613578796387,0.73618091310803,0.971906795550711,-0.222737394378095,-0.0760607251346213
"40",314.121215820312,89.4878387451172,35.5367660522461,0.843569471066677,0.900393725758875,-0.432701279519163,0.0453953887144023
"41",341.885589599609,93.6312484741211,36.3921432495117,0.971454510717519,0.720202118561097,-0.296876582849205,0.627035248591247
"42",318.714660644531,88.3440551757812,36.0231056213379,0.94510895692406,0.933184317180112,-0.0615359468905985,-0.354090888627998
"43",318.011169433594,88.3590774536133,36.040901184082,0.929864692669127,0.90475600751901,0.0848839261578264,-0.417386255090287
"44",317.315155029297,88.3897094726562,36.0744895935059,0.830217997684157,0.985246514231704,0.0634145267006878,-0.15895881226785
"45",315.938690185547,88.4021072387695,36.1238594055176,0.769888587542499,0.937052468404568,-0.34626667328182,0.0450784031576856
"46",315.320709228516,88.998291015625,36.2241325378418,0.916810476034511,0.798087191728443,-0.503588523691874,0.330840495110327
"47",314.640319824219,89.0033645629883,36.2411460876465,0.843569471066677,0.900393725758875,-0.432701279519163,0.0453953887144023
"48",313.370452880859,89.6667633056641,36.2986297607422,0.729993326528986,0.894362743795487,0.0768125537066986,-0.440698438962136
"49",342.903747558594,92.9513244628906,37.0293159484863,0.771023282108686,0.880006609155748,-0.124349363910699,0.458394593704165
"50",344.823974609375,93.4567337036133,36.9706420898438,0.260131219628251,0.624081319018689,0.0909754416910238,0.776045086487259
"51",316.505889892578,87.9108352661133,36.8015556335449,0.717938849887679,0.981039366837747,-0.181211100290988,-0.0687335278151877
"52",312.535491943359,88.6541900634766,36.9814414978027,0.757783347147742,0.94633903973525,-0.195681666750721,-0.25719857536663
"53",311.926452636719,89.3459854125977,37.0062942504883,0.712791931220578,0.859360409441058,-0.365473393206703,-0.357671477117307
"54",311.313903808594,90.0412445068359,37.0013122558594,0.843165251460331,0.817997259506054,-0.566460543684965,-0.100014678366326
"55",310.045440673828,90.2499923706055,36.8792572021484,0.786375099164968,0.921593212194479,-0.332987596210031,0.199462307234545
"56",309.392059326172,90.3827972412109,36.8000335693359,0.843085070090421,0.870617498535171,-0.389728994651825,0.300227383781091
"57",308.797149658203,91.1004409790039,36.7719802856445,0.962826877854308,0.895424408325434,-0.437410881913725,0.0829870433170407
"58",308.144348144531,91.2348403930664,36.7122344970703,0.958130140294577,0.864456717861291,-0.498263879072329,0.0666910020638503
"59",307.477020263672,91.3579025268555,36.6255493164062,0.926038597969401,0.890316797872426,-0.429767476787052,-0.150452368948715
"60",306.87353515625,92.0477905273438,36.6246757507324,0.886099080190446,0.848996238725958,-0.523193241504703,-0.0739879630276356
"61",305.507476806641,92.8498764038086,36.5729942321777,0.863489414159844,0.833981516650741,-0.541272617649814,0.107232379752793
"62",304.865295410156,93.4879684448242,36.603588104248,0.885363742721283,0.852024784279102,-0.463027101418641,0.244253291330949
"63",304.147674560547,93.5960540771484,36.5235328674316,0.924079572523928,0.946377891693847,-0.28948581928932,-0.143411458898864
"64",303.418670654297,93.6905364990234,36.4514541625977,0.941003715597897,0.927188843092079,-0.286994221970933,-0.24073879164121
"65",343.927612304688,92.6940994262695,37.727725982666,0.48232384697296,0.914602063376643,0.0826872697232422,0.395810410541339
"66",345.203033447266,93.1754531860352,37.7168006896973,0.260131219628251,0.624081319018689,0.0909754416910238,0.776045086487259
"67",310.52783203125,90.3394775390625,37.7171745300293,0.755568869214086,0.933774410807312,-0.354602947032515,0.0481881694746042
"68",305.887542724609,92.377326965332,37.3227157592773,0.291259491936529,0.704784716973261,-0.654569437881079,0.273527610513031
"69",302.421844482422,93.9253463745117,37.1617660522461,0.96513400014457,0.857613833839341,-0.315896739234721,-0.405842040883222
"70",301.839904785156,94.5172119140625,37.2300224304199,0.829317884134491,0.792844527278782,-0.512414994254783,-0.329891541611718
"71",344.9072265625,92.885124206543,38.5275726318359,0.782643375143861,0.818017058370449,0.430540114536817,0.381422733970568
"72",300.72119140625,95.6873321533203,37.3714065551758,0.756710295927364,0.838582977768414,-0.539567938058797,0.0751334121149755
"73",300.079132080078,95.7267990112305,37.3290748596191,0.793714017403326,0.808388031162748,-0.544357575802895,0.22401700993186
"74",299.433502197266,95.759765625,37.2678413391113,0.95414275349021,0.95226473371193,-0.305095125462874,0.0104327056577186
"75",297.539520263672,95.8057174682617,37.1609077453613,0.771455311666337,0.983854018475855,-0.178402285190611,0.0142791795170318
"76",345.519287109375,93.3639907836914,38.5945625305176,0.767182487481425,-0.758873534391572,-0.588173313874156,-0.279576665060474
"77",298.927520751953,96.3193283081055,37.3609962463379,0.829607210722829,0.992916538240761,-0.109001831632027,0.0472794753444532
"78",298.292663574219,96.3499603271484,37.3216705322266,0.831798178966641,0.994371335950126,-0.0993962535790851,0.0366882953433972
"79",297.013885498047,96.3622894287109,37.2605895996094,0.825357005324667,0.935479331841734,-0.351213636283707,-0.0390819828734271
"80",346.117645263672,93.8381118774414,38.6802368164062,0.875092324204879,-0.649261409156525,-0.49588314894467,-0.576679742294457
"81",296.504486083984,96.8852462768555,37.3509521484375,0.892476285886786,0.906423752594653,-0.416726948357273,-0.0688086567596141
"82",295.856964111328,96.8726272583008,37.339527130127,0.932069621843177,0.991713681057151,-0.126859158468832,-0.0202664431180122
"83",295.212371826172,96.8427810668945,37.3340682983398,0.999634949330466,0.99842674557967,0.0559664668342088,0.00343340957135515
"84",294.566741943359,96.7905426025391,37.3341369628906,0.93835606040423,0.994060793973362,-0.104140813619834,-0.0315884286353147
"85",293.925598144531,96.7455444335938,37.3425788879395,0.951910063232684,0.981285640060752,-0.186093303544225,-0.04947499354782
"86",346.689605712891,94.2966613769531,38.7499351501465,0.832717589311605,-0.579345157134997,-0.608457122749387,-0.542345940041744
"87",293.361450195312,97.2536544799805,37.435661315918,0.957374642910586,0.931284999801383,-0.356784893637731,-0.0735716577008506
"88",292.727020263672,97.1927337646484,37.4383277893066,0.953080298808671,0.935358671220788,-0.346744656178034,-0.069801859459891
"89",292.148254394531,97.703369140625,37.5218086242676,0.947315270944426,0.985900582812579,-0.16239351193558,-0.0403532909568227
"90",291.507629394531,97.6215896606445,37.5221099853516,0.927642259130541,0.998042672761046,-0.057753255082846,-0.0239871814793722
"91",290.868713378906,97.5446548461914,37.5199394226074,0.866559744502863,0.926217495738774,0.288575642130391,-0.242580397716771
"92",290.261383056641,97.4532165527344,37.5140838623047,0.914557910264489,0.871624754613228,0.352315555186553,-0.340799114903518
"93",305.541412353516,92.0174560546875,37.9977951049805,0.291259491936529,0.704784716973261,-0.654569437881079,0.273527610513031
"94",300.900451660156,94.6784210205078,37.9889068603516,0.808328227062917,0.770773774325741,-0.631993688352211,-0.0805715005111609
"95",346.913482666016,94.4648361206055,39.6430435180664,0.864899793424449,-0.480818552252815,-0.632247777994546,-0.607516474698808
"96",289.709167480469,96.8730773925781,38.2692337036133,0.914978461386649,0.871687394267607,0.356514418264066,-0.336241812160212
"97",289.077270507812,96.7833023071289,38.2608184814453,0.758690264969135,0.960252501236854,0.121475210981599,-0.25131435889209
"98",288.435150146484,96.6820755004883,38.2522888183594,0.942005031547669,0.987863215986049,-0.155316698803596,0.00172903859251482
"99",346.872192382812,94.955322265625,39.8049812316895,0.865662895850563,0.575110730765169,0.474380734560369,0.666491234778612
"100",287.826568603516,97.2295761108398,38.2754135131836,0.942005031547669,0.987863215986049,-0.155316698803596,0.00172903859251482
"101",287.172485351562,97.1360473632812,38.2559204101562,0.942005031547669,0.987863215986049,-0.155316698803596,0.00172903859251482
"102",347.415710449219,95.3837203979492,39.8929214477539,0.854142553010761,-0.820726324660568,-0.320164071271818,-0.473184179232368
"103",348.833862304688,95.3632659912109,40.6606101989746,0.958038262407046,-0.848060233920423,-0.0946008019639559,-0.521387119049381
"104",348.206237792969,95.4511871337891,40.7075386047363,0.954658450864354,0.846923575541615,0.105635233245666,0.521115778583743
"105",349.599517822266,95.4120101928711,41.4679565429688,0.942627079150033,0.860343484121488,0.0223652755959299,0.509223805194942
"106",350.147644042969,95.8028717041016,41.5516204833984,0.846347258545482,0.876019011235166,-0.162299678005616,0.454147009759875
"107",351.646636962891,94.7615966796875,42.0330581665039,0.839054951012364,0.606962467080701,-0.630068246092415,0.484366151605721
"108",350.973724365234,95.3547973632812,42.226863861084,0.919621538672479,0.837933747193972,-0.406402594707312,0.364285556025261
"109",351.716217041016,89.5001373291016,41.5224113464355,0.486182742633055,-0.311995456981998,-0.545708544869696,0.777728113725352
"110",352.426391601562,94.3040161132812,42.73291015625,0.715599317669177,0.354957215842395,-0.716940276121442,0.600001679494588
"111",351.877288818359,89.0968933105469,42.3489418029785,0.779800384025367,0.155541058107498,-0.375075559721158,0.91385190471031
"112",352.734558105469,92.3954467773438,43.1152381896973,0.833337867648002,0.439951981091311,-0.89474007322019,0.0766971688379646
"113",352.685363769531,92.9001235961914,43.2451705932617,0.174591473902873,0.233721995224382,0.775796007789812,0.586101171510281
"114",352.022796630859,93.5121688842773,43.4340171813965,0.657609489494782,0.181984742091758,-0.980700535912993,0.0714703610300422
"115",352.595153808594,93.9279022216797,43.5273895263672,0.382262306611555,0.542743446626061,-0.460414324306352,0.70245868285472
"116",349.366027832031,86.5581665039062,42.9976387023926,0.89027871726666,-0.236281565396859,-0.904023581602361,0.356247646673561
"117",349.892700195312,86.9885559082031,43.0250625610352,0.795481734793028,-0.289463812318054,-0.920839976913752,0.261274641470964
"118",349.822479248047,87.4656600952148,43.0786895751953,0.764456027232137,-0.705141313121977,-0.589551611270173,-0.39396018349239
"119",350.363433837891,87.879524230957,43.1081504821777,0.865323553263654,-0.753263326795922,-0.439132785543308,-0.489649626942894
"120",352.029327392578,88.6541213989258,43.1737518310547,0.314599446574271,-0.329755768087252,-0.514460435625139,0.79157538718026
"121",353.534393310547,91.3784332275391,43.773307800293,0.430897117966233,0.569082342908498,-0.655013159524153,0.497094606528738
"122",353.363037109375,93.4396591186523,44.2818756103516,0.739216021975507,0.709384086653703,-0.39153451614751,0.586067351306679
"123",347.591857910156,81.6977920532227,43.5215377807617,0.309071432905693,-0.316000178861331,-0.662590586357194,0.679056405485168
"124",348.687286376953,83.6815643310547,43.7082252502441,0.901498217707966,-0.232937123601657,-0.931737415289909,0.278577970049796
"125",348.632720947266,84.1783599853516,43.7319984436035,0.860974249515788,-0.467552239085697,-0.882907216182569,-0.0432406213958364
"126",348.557037353516,84.6806030273438,43.7751159667969,0.860974249515788,-0.467552239085697,-0.882907216182569,-0.0432406213958364
"127",349.103118896484,85.1302337646484,43.7914886474609,0.860974249515788,-0.467552239085697,-0.882907216182569,-0.0432406213958364
"128",349.614318847656,85.5779418945312,43.797550201416,0.848622148777994,-0.389390243690211,-0.855926170264637,0.340243485132325
"129",351.037078857422,87.8547897338867,43.9723663330078,0.662186131606393,0.879104556196527,0.42300334062056,0.21964369578559
"130",351.563385009766,88.2752380371094,44.0272789001465,0.643331675790037,-0.906943943240419,-0.354293367371149,-0.227879120711686
"131",352.697357177734,88.6320953369141,44.0605964660645,0.770274558253469,0.874130024632674,0.42122534415137,0.241797248702794
"132",353.243743896484,89.0443725585938,44.1354331970215,0.881546695209262,-0.817032530367701,-0.451242882078281,-0.358939696459779
"133",353.8046875,89.4653625488281,44.2255554199219,0.955473309044433,0.722970740148429,0.674068805346579,0.151474600339029
"134",354.374908447266,89.8625869750977,44.3285827636719,0.853213380612742,0.518878035980804,0.831664650992307,0.197735914963744
"135",354.335968017578,90.3535537719727,44.4447746276855,0.733511662256656,-0.206839516609392,-0.787841925137403,-0.580105607079076
"136",354.291748046875,90.8678970336914,44.5651245117188,0.589306400094536,-0.208519305187723,-0.895958730073371,-0.392144939237192
"137",354.860992431641,91.7708358764648,44.7992324829102,0.563440970783324,-0.152372069812755,-0.985116149571483,0.0795545359764744
"138",354.825714111328,92.3045043945312,44.9229507446289,0.31372371976447,-0.740888620201076,-0.493874115415767,-0.455161960821463
"139",354.178619384766,92.4041442871094,44.9385604858398,0.36047833317045,0.804092857595136,-0.513104886701712,0.300263303797371
"140",355.403045654297,93.2553787231445,45.1083831787109,0.628239636383757,0.585577377894693,0.621442780047654,0.520488237738971
"141",344.513000488281,73.2226333618164,42.9036178588867,0.527791123520569,-0.547116901439408,0.0195529781097797,-0.836827806186183
"142",347.673980712891,80.9676818847656,44.392162322998,0.511268397661685,-0.212851056168384,-0.670003245878992,0.711189200142704
"143",348.282623291016,82.5461349487305,44.5577583312988,0.564321060312927,-0.346174668748873,-0.87336856895228,0.342622885229307
"144",354.36962890625,90.9558258056641,45.503547668457,0.616084547366873,-0.311144491290857,-0.937235377906838,-0.157413315634922
"145",355.581390380859,92.3134155273438,45.8300590515137,0.624372747987297,-0.586593773484079,-0.614564413971959,-0.527464051845252
"146",356.174346923828,93.2792587280273,46.0456199645996,0.584503693512508,-0.395690504737917,-0.593512263356031,-0.700836798196452
"147",356.151519775391,93.8370056152344,46.1536903381348,0.890805287073321,-0.47089021619674,-0.431263757577849,-0.769593383346051
"148",344.589202880859,72.0273208618164,43.6944999694824,0.174818118738787,0.0481728835024699,-0.692712374313503,0.719603321120745
"149",346.711669921875,75.6176223754883,44.4997444152832,0.905723897671916,-0.231238852505371,-0.962008890581273,0.145146434798058
"150",346.768768310547,76.2387008666992,44.5854377746582,0.999918048270144,-0.0902353863543471,-0.983823496149213,-0.154754332650889
"151",346.816009521484,76.8575286865234,44.6848335266113,0.999918048270144,-0.0902353863543471,-0.983823496149213,-0.154754332650889
"152",346.875610351562,77.456657409668,44.7837791442871,0.928980134231605,-0.283308968394255,-0.945789092430499,-0.158804978092236
"153",346.936492919922,78.0404510498047,44.8776092529297,0.949683548727323,-0.383320003949283,-0.910407203885751,-0.155642210486904
"154",347.562164306641,78.5269546508789,44.9723358154297,0.802617527848814,-0.203671526168493,-0.966125514118341,-0.158491010463584
"155",347.622100830078,79.0944519042969,45.0639915466309,0.86407907728776,0.0206887126711942,-0.989337070010779,-0.144167052652452
"156",347.098510742188,79.7360992431641,45.1502380371094,0.743888098428279,0.0540681451347606,-0.9938179353305,0.096966731908978
"157",347.176727294922,80.8451766967773,45.292552947998,0.647442766402351,-0.0981780294279786,-0.994798507831944,0.0271478056751565
"158",347.766632080078,81.3409652709961,45.3513488769531,0.769463299787116,0.409834776022373,0.889412418415756,-0.202437660356289
"159",356.274505615234,93.9731903076172,47.0721473693848,0.835481738673584,-0.379769499255022,-0.704134645123895,-0.599974606939191
"160",356.912658691406,94.4574203491211,47.1586265563965,0.760530643477538,-0.356791954941583,-0.815345222249225,-0.455973320978679
"161",356.871917724609,95.0387344360352,47.2481994628906,0.745492506529879,-0.475590708385147,-0.757284252580568,-0.447586906523419
"162",356.823699951172,95.6194915771484,47.3281478881836,0.745492506529879,-0.475590708385147,-0.757284252580568,-0.447586906523419
"163",343.270721435547,69.7371673583984,44.0965614318848,0.867226336700393,-0.344637314337229,-0.921034320859238,0.181441178803997
"164",343.969879150391,70.3468170166016,44.3110961914062,0.938421283505481,0.469638279816015,0.851669442075057,-0.232592019568632
"165",344.014343261719,70.9393844604492,44.4291915893555,0.768161235445173,-0.601524077265153,-0.795250355131706,-0.075800113015753
"166",345.370574951172,72.0555725097656,44.8035469055176,0.752253280936197,0.657689735331853,0.680314614810838,0.323444333562823
"167",345.408355712891,72.652473449707,44.9148063659668,0.782017997675844,-0.556952982950158,-0.663804050421254,-0.499166863310515
"168",346.045074462891,73.1938018798828,45.060848236084,0.951618290797821,-0.350720358191963,-0.918442567909199,-0.182916592473336
"169",346.080078125,73.794563293457,45.1614990234375,0.951618290797821,-0.350720358191963,-0.918442567909199,-0.182916592473336
"170",346.130676269531,74.4122467041016,45.2612037658691,0.903112468935378,-0.35366191766353,-0.927126917959217,0.123931134062425
"171",357.646942138672,95.7062606811523,48.2461357116699,0.782579445449098,-0.417451063038924,-0.444386903165774,-0.792625315178871
"172",343.316436767578,68.0894927978516,44.8111114501953,0.838872626398099,-0.121324926770503,-0.914061488043927,0.387003692771858
"173",342.785766601562,68.6782913208008,44.8279304504395,0.838872626398099,-0.121324926770503,-0.914061488043927,0.387003692771858
"174",357.804870605469,95.8537979125977,49.1630897521973,0.960937865113235,-0.288895283301887,-0.150646250524175,-0.945433880548466
"175",343.411193847656,67.0993804931641,45.5942535400391,0.92257028930392,-0.00508211561620356,-0.798043963413039,0.60257779959178
"176",357.92578125,96.0246505737305,50.0627212524414,0.96047603869334,-0.289480071602294,-0.162510016118841,-0.943287751858458
"177",342.898132324219,66.0360641479492,46.2724151611328,0.888877198897247,-0.156592961253567,-0.621334085484172,0.767738626552934
"178",358.045776367188,96.1893005371094,50.9725112915039,0.957849933907817,-0.358075033042154,-0.0624717870583554,-0.931600529483317
"179",343.067352294922,65.7189407348633,47.0787734985352,0.902087212829075,-0.299484621725799,-0.520496332703688,0.799620240484048
"180",358.887298583984,96.318717956543,51.863826751709,0.968305696556294,-0.481525843255165,-0.0132844138654388,-0.876331208291508
"181",342.712280273438,65.9068908691406,47.8987197875977,0.902087212829075,-0.299484621725799,-0.520496332703688,0.799620240484048
"182",358.973846435547,95.9823455810547,52.6267471313477,0.971784463366993,0.568741814065292,0.028610643769322,0.822018357457317
"183",342.154968261719,64.8634262084961,48.5140495300293,0.906194120601898,-0.454558841203924,-0.731088270412192,0.50880860915383
"184",359.772186279297,96.172981262207,53.5095291137695,0.968481879103076,-0.602159368972001,0.00413441253106595,-0.798365205274043
"185",341.378509521484,63.1595039367676,49.0396995544434,0.891693723866891,0.00347147710803933,-0.861128139534037,0.508376116816414
"186",341.537322998047,63.8243675231934,49.1311302185059,0.894116370602583,-0.245212666159788,-0.865921969511637,0.435947119582062
"187",360.496307373047,96.3726425170898,54.3923606872559,0.951108441637873,0.597517605076393,-0.0332008311362868,0.801168157402447
"188",341.986633300781,62.3614463806152,49.8173179626465,0.929459053726472,0.16984475381773,-0.735697016932437,0.655669626319008
"189",361.222808837891,96.0694427490234,55.1513061523438,0.961821160920542,0.524333843913289,-0.0837866564120529,0.847380561692563
"190",341.937622070312,61.4749641418457,50.5417137145996,0.799452757968637,0.0642562248417955,-0.721834028267706,0.689076754218205
"191",361.222869873047,95.8055877685547,55.889518737793,0.956734017365168,0.389804509550685,-0.134608832245383,0.911006534891756
"192",342.440765380859,60.0820579528809,51.2780418395996,0.783879271752552,0.135666587488932,-0.966505467396654,0.217857197566396
"193",342.003509521484,61.2609214782715,51.354061126709,0.799452757968637,0.0642562248417955,-0.721834028267706,0.689076754218205
"194",361.859954833984,96.0331039428711,56.7961196899414,0.949175524227145,-0.201437306528255,-0.000433663321439126,-0.979501313666687
"195",342.29443359375,58.61083984375,51.9579772949219,0.743042261400564,-0.204313246738147,-0.926192711309069,0.316896132392416
"196",342.39013671875,59.2633171081543,52.0287132263184,0.743042261400564,-0.204313246738147,-0.926192711309069,0.316896132392416
"197",341.914916992188,60.4201545715332,52.1096649169922,0.783879271752552,0.135666587488932,-0.966505467396654,0.217857197566396
"198",361.843078613281,95.7936172485352,57.5470123291016,0.951415456314256,-0.23869811785844,-0.119203912203949,-0.96374977864906
"199",341.507110595703,57.6896476745605,52.6408576965332,0.718964025131065,0.158403122562518,-0.84901042865271,0.504073152232279
"200",361.738891601562,96.061393737793,58.4467697143555,0.961194621179034,-0.127031376968252,-0.177056344039562,-0.975968278327167
"201",343.078002929688,56.4871635437012,53.3377265930176,0.966385220619144,0.787757938608079,-0.549566285705602,0.278234303736437
"202",342.289855957031,57.0172882080078,53.4075012207031,0.787073609891406,0.550949051460975,-0.682858347311087,0.479749539032423
"203",362.313415527344,96.3009262084961,59.3678283691406,0.972551024852335,-0.233270700920813,-0.250515373269771,-0.939588648211237
"204",345.023712158203,55.2384986877441,53.8707962036133,0.95576683457839,0.756022035359566,-0.614208310296452,0.226227393596701
"205",344.072052001953,55.7747650146484,54.0074768066406,0.961243619964566,0.761745889627599,-0.598167117288489,0.248876072434125
"206",362.177886962891,96.5507583618164,60.2930107116699,0.970613776378577,-0.225850470347554,-0.237182756981195,-0.944847027213711
"207",346.344909667969,51.0761756896973,53.1682662963867,0.691788936499183,0.436838074723967,0.842608861199364,0.314933014305852
"208",347.041748046875,51.719425201416,53.4841079711914,0.721208991145432,-0.0833350025328786,-0.853864588997346,-0.513780635105332
"209",346.904205322266,52.2563591003418,53.6942253112793,0.721208991145432,-0.0833350025328786,-0.853864588997346,-0.513780635105332
"210",346.579040527344,53.3464851379395,54.0987854003906,0.794103324139468,0.549189753649002,-0.824145284698663,-0.13847441711706
"211",346.394134521484,53.9111633300781,54.2845268249512,0.794103324139468,0.549189753649002,-0.824145284698663,-0.13847441711706
"212",345.376525878906,54.4295120239258,54.4615249633789,0.940465850792974,0.72260227071077,-0.687570974546568,0.0713590451500094
"213",362.748443603516,96.7772369384766,61.2268867492676,0.967351674239275,-0.237364243107345,-0.227733148604477,-0.944349421094104
"214",345.782775878906,50.1710319519043,53.6518363952637,0.948684176708606,-0.540642742727138,-0.806489942286939,0.239331146586667
"215",346.934448242188,52.5201034545898,54.6546096801758,0.733228729337302,0.270895104092041,-0.908314978101125,-0.318715771709081
"216",362.611968994141,96.9867248535156,62.1534538269043,0.951946759038796,-0.292127535349682,-0.305164561073742,-0.90638628285913
"217",345.120971679688,48.749584197998,54.0167617797852,0.911568009945702,-0.287864776256632,-0.815735068294681,0.501707254227992
"218",345.093933105469,49.2648239135742,54.2412452697754,0.910749527577138,-0.317804902213689,-0.85861371226602,0.40222199994246
"219",363.241607666016,97.2007369995117,63.0711402893066,0.934934592052286,0.350606225042155,0.364063479932935,0.862863290180322
"220",363.138610839844,97.7280731201172,63.2090797424316,0.930203207118473,-0.584649701099188,-0.458505960119411,-0.669295907308275
"221",345.380706787109,47.9429626464844,54.7206039428711,0.896168211391197,-0.264152838317764,-0.826393041141547,0.497290478052309
"222",363.845245361328,97.9237899780273,64.1093063354492,0.91093909264204,-0.550845930440286,-0.477318468138493,-0.684642856452397
"223",364.557373046875,98.4883804321289,64.2388305664062,0.855505561677612,-0.447554843400982,-0.361148569834461,-0.818087020221472
"224",342.134704589844,45.7439880371094,55.2723426818848,0.833833393966051,-0.669197477168742,-0.668162726501281,0.325166584177042
"225",343.252471923828,46.1341018676758,55.3086891174316,0.822293579566118,0.812938023542718,0.57116702439464,-0.113578167455864
"226",344.429077148438,46.606559753418,55.3867835998535,0.89682930523418,-0.826362204102388,-0.554879450545779,0.0960952808053446
"227",344.447998046875,47.1010322570801,55.5745277404785,0.798696105577354,-0.538115424330976,-0.744109543814033,0.395894906385477
"228",364.535369873047,98.6629104614258,65.1095809936523,0.812698215220527,-0.403413582926682,-0.453442652532871,-0.794762380824741
"229",341.193756103516,43.761417388916,55.9466705322266,0.646846555925926,-0.36213530269564,-0.896534470815496,0.255115591803235
"230",341.247039794922,44.1878852844238,56.0385093688965,0.646846555925926,-0.36213530269564,-0.896534470815496,0.255115591803235
"231",341.310424804688,44.6266746520996,56.1451606750488,0.745119989050921,-0.509512258157045,-0.820638396443222,0.258746750841063
"232",342.2421875,44.9883422851562,56.1842231750488,0.745119989050921,-0.509512258157045,-0.820638396443222,0.258746750841063
"233",364.531982421875,98.8078689575195,65.9574356079102,0.857275091952713,0.315809366883598,0.369199408326039,0.874045903073909
"234",365.312042236328,99.3855514526367,66.0497970581055,0.903180189680301,-0.556284008551152,-0.294324589504263,-0.77712363099021
"235",341.262145996094,42.9549179077148,56.8507041931152,0.919435538047228,0.012893298794763,-0.805252095180529,0.592792397094934
"236",365.356903076172,99.4857482910156,66.8879547119141,0.903180189680301,-0.556284008551152,-0.294324589504263,-0.77712363099021
"237",341.306945800781,42.0934867858887,57.752815246582,0.783014722579998,-0.0248622598209346,-0.84217838392387,0.538625507832645
"238",366.290435791016,99.5447082519531,67.7164993286133,0.963428956742395,0.590124207273548,0.0425908575316143,0.806188215520723
"239",343.403015136719,35.7921142578125,56.7340126037598,0.946277695493873,0.691718281093845,-0.719928382501043,-0.0568237949279102
"240",343.402801513672,36.3803443908691,56.9311943054199,0.946277695493873,0.691718281093845,-0.719928382501043,-0.0568237949279102
"241",342.225708007812,37.152458190918,57.245662689209,0.979244721415313,0.762600694023816,-0.592601415124146,-0.259352548218161
"242",341.225921630859,37.8016548156738,57.5638771057129,0.656305133880678,0.60717378132992,-0.733468897963924,-0.305554209568635
"243",340.381378173828,38.3723831176758,57.84765625,0.521841855758232,-0.269337895077368,-0.924008876782389,-0.27141240557985
"244",340.441314697266,38.8571510314941,57.9909362792969,0.521841855758232,-0.269337895077368,-0.924008876782389,-0.27141240557985
"245",341.298767089844,39.2606353759766,58.0379447937012,0.893551608843078,-0.5456915783141,-0.813140789884088,-0.202540754377357
"246",341.347564697266,39.7307968139648,58.1779403686523,0.817392864298602,-0.405848589520952,-0.881348109932251,-0.241893430052788
"247",341.363250732422,40.2082099914551,58.3287200927734,0.861641583288315,0.283128176868334,-0.906955863326524,-0.311880582019549
"248",341.376525878906,40.6742973327637,58.4830436706543,0.861641583288315,0.283128176868334,-0.906955863326524,-0.311880582019549
"249",340.615234375,41.2436904907227,58.7218055725098,0.625939819037433,0.11592873518522,-0.98443431577389,0.132096957895132
"250",367.236511230469,99.5585021972656,68.5646286010742,0.677577870980625,-0.422722823353387,-0.377796042389041,-0.823756981743595
"251",346.552276611328,30.6403007507324,56.3773155212402,0.576852683415511,0.476918726162445,0.873325977255644,-0.0992485067195761
"252",346.794555664062,31.2699851989746,56.5046691894531,0.57092465409415,-0.0467062454589552,-0.998883152826528,-0.00713958223309646
"253",346.223693847656,32.7819480895996,56.9325790405273,0.759295832898687,0.434184198278052,-0.883610873165883,-0.175259541220074
"254",345.218048095703,33.7454948425293,57.2541084289551,0.929105620521515,0.615554099851097,-0.786901224717359,0.0433545002834363
"255",367.339691162109,99.5721664428711,69.3842391967773,0.682292960047483,-0.39302763716198,-0.549825388048076,-0.737035493775336
"256",367.289367675781,100.130256652832,69.4419631958008,0.682292960047483,-0.39302763716198,-0.549825388048076,-0.737035493775336
"257",367.259674072266,100.672248840332,69.5060195922852,0.682292960047483,-0.39302763716198,-0.549825388048076,-0.737035493775336
"258",345.767974853516,29.3800868988037,57.1950263977051,0.889326495756306,0.656641662056839,0.579206451874879,-0.483054462517164
"259",346.095489501953,29.8874740600586,57.2618637084961,0.576852683415511,0.476918726162445,0.873325977255644,-0.0992485067195761
"260",346.92236328125,31.4548091888428,57.6261520385742,0.57092465409415,-0.0467062454589552,-0.998883152826528,-0.00713958223309646
"261",368.170867919922,100.606971740723,70.3550796508789,0.85484432275052,-0.487639763766025,-0.237685864474268,-0.840067194112075
"262",343.600006103516,28.0068836212158,58.201473236084,0.904511548516599,-0.701871072270027,-0.504645833574935,0.502702278258197
"263",343.898284912109,28.5188789367676,58.2115173339844,0.904511548516599,-0.701871072270027,-0.504645833574935,0.502702278258197
"264",344.216278076172,29.0059356689453,58.2576370239258,0.904511548516599,-0.701871072270027,-0.504645833574935,0.502702278258197
"265",368.269409179688,100.575180053711,71.1596908569336,0.791763127054211,-0.331338861351461,-0.434035621031777,-0.837751537529999
"266",368.226104736328,101.118698120117,71.2342910766602,0.791763127054211,-0.331338861351461,-0.434035621031777,-0.837751537529999
"267",343.116882324219,27.511194229126,59.2952346801758,0.904511548516599,-0.701871072270027,-0.504645833574935,0.502702278258197
"268",368.304779052734,101.101112365723,72.0343399047852,0.837672609116338,-0.446572724679628,-0.387070741310841,-0.806690177697292
"269",369.032135009766,101.564567565918,72.1491012573242,0.837672609116338,-0.446572724679628,-0.387070741310841,-0.806690177697292
"270",369.112274169922,101.53010559082,72.9807510375977,0.637417341218865,0.12923741410271,0.321725614914334,0.93797138522667
"271",368.403900146484,101.624473571777,73.7548065185547,0.64667905809672,-0.114493435400841,-0.607744689916887,-0.785835634931339
"272",369.113983154297,102.066604614258,73.8760299682617,0.64667905809672,-0.114493435400841,-0.607744689916887,-0.785835634931339
"273",369.052856445312,102.614044189453,73.9613800048828,0.64667905809672,-0.114493435400841,-0.607744689916887,-0.785835634931339
"274",369.114135742188,102.612510681152,74.8059844970703,0.872650763637968,0.0149252810640841,0.332164367202154,0.943103424416617
"275",369.134033203125,102.632041931152,75.6624526977539,0.778164328314265,0.017309888714228,-0.592934671675631,-0.805064496098054
"276",369.102172851562,103.163070678711,75.7316970825195,0.778164328314265,0.017309888714228,-0.592934671675631,-0.805064496098054
"277",369.047302246094,103.685440063477,75.8205413818359,0.778164328314265,0.017309888714228,-0.592934671675631,-0.805064496098054
"278",369.102844238281,103.673706054688,76.6929168701172,0.796618865593692,0.177430723922494,-0.31336286264003,-0.932910528682351
"279",369.126434326172,103.676139831543,77.5911254882812,0.711504144770006,0.342845875436647,-0.550768647983327,-0.76099316823129
"280",368.452392578125,104.245101928711,77.6454162597656,0.711504144770006,0.342845875436647,-0.550768647983327,-0.76099316823129
"281",368.447052001953,104.734161376953,77.7152786254883,0.673407101897086,0.25767349162995,-0.697201904079559,-0.668964779834535
"282",368.499420166016,104.702102661133,78.658203125,0.879260202188958,-0.0538356548676779,-0.346542094763657,-0.936488280130502
"283",368.496215820312,105.179718017578,78.7261505126953,0.879260202188958,-0.0538356548676779,-0.346542094763657,-0.936488280130502
"284",368.570892333984,105.119445800781,79.6933670043945,0.933669885029356,0.113908604602954,-0.141093423586791,-0.983421311350311
"285",368.057708740234,105.135124206543,80.6710357666016,0.954793372410229,0.14035090195289,-0.0588756017787576,-0.988349780106314
"286",368.160919189453,105.091461181641,81.7408828735352,0.841540412601919,-0.229974462510447,-0.0417231117437927,-0.972301871097369
"287",368.779418945312,104.997032165527,82.8932800292969,0.934081070150176,-0.512705215096214,-0.0830051522324942,-0.854542864411146
"288",369.341766357422,105.466468811035,82.9787979125977,0.913152324979149,-0.672640071228182,-0.226934356339222,-0.704312524729647
"289",369.978302001953,105.409973144531,84.1176376342773,0.865935539397583,-0.692374426401277,-0.109815272933307,-0.713132708193984
"290",370.546600341797,105.966133117676,84.1310272216797,0.873134085623371,-0.70563392928259,-0.0728150289778365,-0.704825318359216
"291",371.197113037109,105.3447265625,85.2970504760742,0.851233698701916,0.70890908099007,-0.0963149966866979,0.698692590702847
"292",371.769500732422,105.930885314941,85.2638778686523,0.844565717392236,0.717715435922365,-0.101002377798554,0.688972476023395
"293",373.286712646484,99.9886093139648,86.0606384277344,0.470599616187431,-0.402556532959189,-0.88140599841239,-0.247126898039317
"294",373.736572265625,104.379722595215,86.3445587158203,0.462086617304126,0.32915345163717,-0.863736547454437,0.381598194265678
"295",374.323120117188,104.912742614746,86.2497177124023,0.630369531810283,-0.343725481813399,-0.935619897005583,0.0804251296511812
"296",372.453125,105.227241516113,86.4057540893555,0.57605026259527,0.787805411704389,-0.469967186862481,0.398112391871749
"297",373.622863769531,105.693115234375,86.2900390625,0.394743886849144,0.98313442972547,0.155928794482232,-0.0955662290754032
"298",373.024383544922,105.812141418457,86.3529815673828,0.394743886849144,0.98313442972547,0.155928794482232,-0.0955662290754032
"299",374.826110839844,106.151916503906,86.1329879760742,0.468046651008816,0.709002738776422,-0.598728636216271,0.372611240547218
"300",374.196838378906,106.292060852051,86.2155532836914,0.266223583972509,0.979361631055188,0.165641868481485,-0.115816954816142
"301",372.050659179688,97.3566818237305,86.901969909668,0.415613186703456,-0.781525270524916,-0.620838366861935,0.0614652240145747
"302",372.578979492188,97.8756332397461,86.8996658325195,0.415613186703456,-0.781525270524916,-0.620838366861935,0.0614652240145747
"303",373.815826416016,98.313606262207,86.7671432495117,0.645369347648736,-0.349296747901389,-0.924797296767639,0.150803653128101
"304",373.647766113281,98.8658294677734,86.8975067138672,0.541288481302999,-0.351707730224439,-0.923416078799912,0.153637293370352
"305",374.045593261719,99.9091339111328,87.0082778930664,0.470599616187431,-0.402556532959189,-0.88140599841239,-0.247126898039317
"306",373.879699707031,100.456642150879,87.126335144043,0.649356213209942,-0.239385282892273,-0.503721947804921,-0.830035472515605
"307",374.438568115234,100.956192016602,87.0909957885742,0.413526152254094,0.0425885411277418,0.961037338143998,0.273118016355037
"308",374.159057617188,102.067199707031,87.2648010253906,0.607643261516956,0.0747914021156163,-0.983353783950088,0.165594630832717
"309",374.023620605469,102.637413024902,87.3420867919922,0.607643261516956,0.0747914021156163,-0.983353783950088,0.165594630832717
"310",373.922760009766,103.217590332031,87.3919296264648,0.911741385685728,-0.00336440559309755,-0.911840212235976,0.410531494680318
"311",376.288879394531,104.749465942383,86.9366836547852,0.893900795487903,0.945537762150359,0.0391672281097747,0.323147440945905
"312",375.597778320312,104.801078796387,87.0822677612305,0.549626267934145,0.924501712581208,-0.197922085728419,0.325765915060685
"313",376.886169433594,105.313064575195,86.8340377807617,0.891723578520555,0.962581349466129,0.230075527662381,0.143186581881275
"314",378.969146728516,106.713287353516,86.4984588623047,0.571218394296585,-0.627443598776936,-0.73503771622552,0.256970982952978
"315",378.851348876953,107.395545959473,86.5152359008789,0.571218394296585,-0.627443598776936,-0.73503771622552,0.256970982952978
"316",373.55126953125,97.2665634155273,87.6371307373047,0.415613186703456,-0.781525270524916,-0.620838366861935,0.0614652240145747
"317",373.8115234375,101.058746337891,88.2762832641602,0.413526152254094,0.0425885411277418,0.961037338143998,0.273118016355037
"318",377.662506103516,104.900177001953,87.6259460449219,0.631727260124946,0.925147136267329,0.0984147972454832,0.36662965501919
"319",379.117431640625,105.673698425293,87.3919830322266,0.49083562324713,-0.181712670152602,-0.753125759923777,0.632283239731408
"320",379.369781494141,104.815368652344,88.2208480834961,0.530935115674971,0.867083921613711,0.108485483494417,0.486206101103196
"321",378.544738769531,104.645004272461,88.3654708862305,0.530935115674971,0.867083921613711,0.108485483494417,0.486206101103196
"322",380.12841796875,105.274505615234,89.0352478027344,0.704510246553914,0.774105721370856,-0.0891196964668122,0.626751953999802
"323",383.873229980469,93.4467926025391,89.4667129516602,0.402826381375961,-0.280914736796248,-0.939159254554722,-0.197653244938994
"324",381.31005859375,104.801765441895,89.7408294677734,0.838688237276128,0.568946547622153,-0.400911626854217,0.718031819212728
"325",381.830596923828,88.2296752929688,90.8524475097656,0.575655160147725,-0.362922900519979,-0.789465833478387,0.495005723248167
"326",382.462432861328,88.9004058837891,90.7497329711914,0.305696175970955,-0.716189170877379,-0.697732208758535,-0.0155832082354568
"327",383.625671386719,90.3185043334961,90.5515518188477,0.899150824495121,0.204852391994728,-0.833196851809359,0.513632654364003
"328",383.605712890625,90.9572372436523,90.5045318603516,0.872707038956868,0.257578796828096,-0.896210198595864,0.36119308320807
"329",383.550415039062,91.5901641845703,90.4865112304688,0.97753217034168,-0.0883617496376883,-0.995879780896512,0.020387819954118
"330",383.493225097656,92.2352142333984,90.4852294921875,0.815144957587852,-0.141094925933458,-0.963946148636729,0.225610381862734
"331",383.947265625,93.6505355834961,90.4725341796875,0.402826381375961,-0.280914736796248,-0.939159254554722,-0.197653244938994
"332",384.354736328125,95.0872116088867,90.5159530639648,0.579407390058638,0.0421346273805565,0.992175313101584,-0.117527959427852
"333",384.059112548828,96.3906860351562,90.5844421386719,0.431600642166577,0.295637624298502,-0.949685146381346,-0.103423971311199
"334",383.889099121094,97.0457458496094,90.5947265625,0.803732027264392,0.533140544883171,-0.721452723626924,-0.441890401539758
"335",380.825897216797,103.836372375488,90.6120758056641,0.870201792224499,0.317641212968711,-0.629661765799013,0.708964117931673
"336",381.429504394531,86.4719696044922,92.3665542602539,0.575655160147725,-0.362922900519979,-0.789465833478387,0.495005723248167
"337",382.036712646484,87.1138534545898,92.231559753418,0.575655160147725,-0.362922900519979,-0.789465833478387,0.495005723248167
"338",383.217468261719,88.4912033081055,91.9272994995117,0.77538387354328,0.862038740824536,0.33165351914028,0.383269034177713
"339",385.964630126953,89.7516937255859,91.3189086914062,0.999615609883345,0.953845433493646,0.231887265197354,-0.190806669806405
"340",385.435272216797,89.6018829345703,91.4323120117188,0.999615609883345,0.953845433493646,0.231887265197354,-0.190806669806405
"341",384.896911621094,89.47607421875,91.5500946044922,0.999615609883345,0.953845433493646,0.231887265197354,-0.190806669806405
"342",384.342712402344,89.3387222290039,91.6579132080078,0.942242666579148,0.889704756143364,0.413866883598543,-0.192716500477532
"343",383.781341552734,89.2194747924805,91.7523498535156,0.253522079487441,-0.268410478927108,-0.766033937640355,0.584078608738013
"344",383.979858398438,93.8974533081055,91.5072937011719,0.677483173933989,-0.153511409313701,-0.962116960357283,-0.225311344151562
"345",383.702484130859,95.179313659668,91.5563507080078,0.579407390058638,0.0421346273805565,0.992175313101584,-0.117527959427852
"346",383.16845703125,97.1311645507812,91.5687103271484,0.803732027264392,0.533140544883171,-0.721452723626924,-0.441890401539758
"347",382.977142333984,97.7822265625,91.5380172729492,0.718121578646547,0.464969488125335,-0.845135254383513,-0.263722916923383
"348",382.802947998047,98.4372253417969,91.4887161254883,0.708534740618989,0.00828704342219691,0.969824835033424,0.243661885127136
"349",382.612487792969,99.0682373046875,91.4517593383789,0.675114157074007,-0.0968600195615452,-0.994310804778347,-0.04431884600905
"350",383.041900634766,100.549156188965,91.3280410766602,0.719677234769646,0.0861822179474568,-0.962982427349379,0.25541626793522
"351",382.853454589844,101.153015136719,91.3026657104492,0.604817071344929,0.289902863690409,-0.937842547542455,0.190807981078304
"352",382.660522460938,101.737495422363,91.2840347290039,0.801844143255702,0.526508581105707,-0.703010243068738,-0.478085046997383
"353",382.042877197266,103.368766784668,91.3614196777344,0.629971999187451,0.553887149655296,-0.707496359844874,0.438928156140597
"354",377.888336181641,87.3006973266602,93.0523223876953,0.306068980667921,-0.454788477483693,-0.889885025981059,-0.0356662485096722
"355",377.822540283203,87.8715591430664,92.980598449707,0.761575136591641,-0.354169427284318,-0.696902247779566,-0.623611476655847
"356",371.537200927734,95.4125671386719,93.1981506347656,0.51379744385803,0.934794785766104,0.332076993425536,-0.126030071578019
"357",370.886444091797,95.4467086791992,93.3208618164062,0.51379744385803,0.934794785766104,0.332076993425536,-0.126030071578019
"358",370.241333007812,95.508659362793,93.4571304321289,0.853900154938577,0.755646166285297,0.37446156233751,-0.53738013520234
"359",378.020874023438,96.573356628418,93.0394515991211,0.614741311868979,0.305348251432332,-0.847402579268897,0.434363113069742
"360",377.782867431641,97.2239837646484,93.0612869262695,0.550795189767612,-0.26803497527221,-0.963266753739251,0.0165654209566868
"361",377.077789306641,97.1999130249023,93.1169052124023,0.507334932180124,0.81467968063439,-0.110048237603283,-0.569373693949641
"362",378.250793457031,97.9206085205078,93.0204772949219,0.550795189767612,-0.26803497527221,-0.963266753739251,0.0165654209566868
"363",383.345245361328,99.5908660888672,92.3572158813477,0.314973145903074,-0.571419222979249,-0.168417633078566,-0.803190869269568
"364",378.026275634766,98.5465698242188,93.0519943237305,0.537506615068753,0.192886423107871,-0.948522438440714,-0.251197156741737
"365",376.025482177734,98.4093627929688,93.3551712036133,0.366231036375499,-0.150942283493405,-0.835866126728314,-0.527772910674659
"366",377.635345458984,99.7594833374023,93.1718902587891,0.414026445100881,0.531137421392154,0.843618936875588,-0.0787408975170827
"367",378.131103515625,100.42847442627,93.0564498901367,0.658057374545182,0.63158262137986,0.725857268505896,0.272460305600843
"368",382.605804443359,102.039665222168,92.2292709350586,0.452658144015173,0.483300730035446,-0.852659961603887,-0.198472653594552
"369",381.582916259766,102.355751037598,92.3147964477539,0.245157318608629,0.873017842120028,-0.0536991754823252,-0.48472285472485
"370",380.783203125,102.138511657715,92.4195938110352,0.557657637955613,0.887844009868042,0.323623340779423,-0.327109992883435
"371",379.975341796875,101.951385498047,92.578239440918,0.886752472678693,0.644449019380796,0.580338348656461,-0.497888403658713
"372",377.3359375,86.3483734130859,94.3326797485352,0.306068980667921,-0.454788477483693,-0.889885025981059,-0.0356662485096722
"373",377.924926757812,88.0413436889648,94.2184906005859,0.761575136591641,-0.354169427284318,-0.696902247779566,-0.623611476655847
"374",378.62890625,88.6056671142578,94.2760238647461,0.838636098488814,-0.473920929537801,-0.520329252085735,-0.710391738388001
"375",378.552368164062,89.1771469116211,94.2125015258789,0.493419978601542,-0.507774767027154,-0.819846664962689,-0.264605804773961
"376",370.630676269531,89.55029296875,93.6934051513672,0.896237983432084,0.556192416331191,-0.646344833278486,-0.522387167252295
"377",370.545227050781,90.1630401611328,93.7122039794922,0.896237983432084,0.556192416331191,-0.646344833278486,-0.522387167252295
"378",379.125854492188,90.3573150634766,94.216926574707,0.548818081174906,-0.218409352442545,-0.927155724989917,0.304433270823097
"379",369.792572021484,90.8574676513672,93.8433303833008,0.896237983432084,0.556192416331191,-0.646344833278486,-0.522387167252295
"380",379.011322021484,90.9608001708984,94.2060852050781,0.963947457198517,-0.455980015969495,-0.889898539804758,0.0127598546158658
"381",379.625915527344,91.6208648681641,94.2061538696289,0.750280677969542,-0.471159123822439,-0.820414629689812,-0.32392733047676
"382",380.219299316406,92.3227767944336,94.1616668701172,0.749146496173009,-0.369396924837279,-0.786960259740331,-0.494205889797149
"383",368.126190185547,93.4841613769531,94.5110244750977,0.748070379961588,0.053217684499594,-0.960048924905632,0.274725207878784
"384",376.954895019531,93.4389495849609,94.0748519897461,0.37732421587697,-0.59030768921298,-0.703947686003847,0.394961374599924
"385",368.678466796875,94.0374374389648,94.5353393554688,0.524246161494555,-0.404347980918436,-0.872479458816806,0.274376209373041
"386",378.942413330078,94.2090606689453,94.1587753295898,0.580616749819103,0.719760720877522,-0.556394171172517,0.41517469933405
"387",377.494171142578,94.1285705566406,94.1283645629883,0.402540141818076,0.933891906513857,0.167819530873525,-0.315725374345019
"388",369.870666503906,94.5533981323242,94.3910751342773,0.895839422884865,-0.70604674301864,-0.513014757141675,0.488174001384382
"389",369.226593017578,94.6035537719727,94.5427398681641,0.862298609183499,0.710592583890323,0.62430983741528,-0.324492537089194
"390",377.997985839844,94.8505859375,94.1541595458984,0.463475470186958,0.868832809356572,0.238154776965126,-0.434064340385452
"391",378.50830078125,95.564338684082,94.1350173950195,0.573270560604716,-0.0339684405358164,0.91877214821913,-0.393324147115796
"392",372.269500732422,95.6345138549805,94.1696701049805,0.943390505079941,0.788068666442268,-0.0631949634656471,0.612335017424678
"393",385.737762451172,99.277099609375,93.4961853027344,0.898227397132486,0.891186157618979,0.00601174940667298,0.453597940182042
"394",385.041900634766,99.0484924316406,93.4696044921875,0.917613936496808,0.847195089492268,-0.108428365005653,0.520099769277385
"395",376.435974121094,97.5138549804688,94.2741622924805,0.236850828054809,0.262877435573869,0.224053659151276,-0.938453734441411
"396",374.472717285156,97.4941558837891,94.4071884155273,0.404816446516498,0.671946685811568,-0.730373901402607,-0.122644264345239
"397",384.194610595703,99.4918441772461,93.4043502807617,0.917613936496808,0.847195089492268,-0.108428365005653,0.520099769277385
"398",377.404846191406,98.8612365722656,94.2568969726562,0.520870569330442,-0.557943306954006,-0.645042840336704,0.522129294672867
"399",376.747467041016,98.8222579956055,94.371955871582,0.491588052119778,-0.555307834198456,-0.781538968902239,0.284306259806295
"400",373.55126953125,99.3612213134766,95.0352478027344,0.446875049637323,0.652256933256686,-0.187171087483708,-0.734525613596115
"401",379.098693847656,100.30046081543,93.8811340332031,0.658057374545182,0.63158262137986,0.725857268505896,0.272460305600843
"402",379.629730224609,101.017486572266,93.7182922363281,0.709490476776416,-0.693740215168837,-0.620394731294959,0.365834513460597
"403",379.320037841797,89.4542617797852,95.5500335693359,0.393610746419714,-0.174673072632565,-0.974992264076577,0.137402338728018
"404",369.142730712891,91.1859436035156,95.0279159545898,0.888315822283173,0.503167492435919,-0.656873852356895,-0.561550724908767
"405",369.059875488281,91.8040008544922,95.1261520385742,0.638197033003193,0.477811948701171,-0.862717079952876,-0.165574701074689
"406",368.972351074219,92.4336318969727,95.2493743896484,0.891046135856362,0.269584492641967,-0.935074873095729,0.230128622800335
"407",380.182250976562,92.6620559692383,95.4106140136719,0.306937817349716,0.336187355370451,-0.941573722850414,-0.0204202479571831
"408",376.561248779297,92.4542617797852,95.1960067749023,0.37732421587697,-0.59030768921298,-0.703947686003847,0.394961374599924
"409",380.024932861328,93.3066864013672,95.3663482666016,0.306937817349716,0.336187355370451,-0.941573722850414,-0.0204202479571831
"410",375.685852050781,93.1385192871094,95.0709686279297,0.17228509871359,0.965053962393974,-0.164784305288987,-0.20375716526816
"411",374.805358886719,93.847526550293,94.9786605834961,0.384631774744751,0.291966966652945,-0.955541340715449,-0.0411829645266242
"412",376.773956298828,94.4699172973633,95.2585525512695,0.426130463121109,0.714488823960043,-0.409112690738684,-0.567567200173468
"413",374.638092041016,94.5203475952148,95.0310211181641,0.212315741451752,0.988827625847488,-0.143084651739042,0.0417936454205344
"414",375.875152587891,95.172119140625,95.2040100097656,0.562782357450894,0.953733479068096,-0.293786597413483,0.0638896398868635
"415",374.488586425781,95.2057342529297,95.1088562011719,0.421579536681105,0.992729082446726,0.116206131011436,0.0313863661457394
"416",373.794677734375,95.2337265014648,95.0925598144531,0.421579536681105,0.992729082446726,0.116206131011436,0.0313863661457394
"417",373.124145507812,95.271842956543,95.1122589111328,0.854773913569997,0.900382649818785,-0.313761208602203,0.301438199108521
"418",375.001708984375,95.8744430541992,95.2179336547852,0.475885466192139,0.90114753307113,0.422520297560341,0.0970037204922479
"419",375.509582519531,96.5470275878906,95.3223190307617,0.630717317492092,0.295095261771522,-0.945084324294251,-0.140479202920843
"420",394.094787597656,101.535507202148,94.8288040161133,0.754544626417898,0.885973939150168,0.449182222347419,-0.115262787896912
"421",387.085632324219,99.4385604858398,94.6057205200195,0.810905970981486,0.811741958716255,0.477548789807812,0.336187664575297
"422",386.442962646484,99.2202606201172,94.5728912353516,0.839847909902726,0.822476531392997,0.34150412205079,0.454870629882897
"423",376.010467529297,97.2356948852539,95.3962860107422,0.141434528220344,0.741530003433301,0.50531200689361,-0.441353633379585
"424",388.284851074219,100.556884765625,94.7173690795898,0.840579283778476,0.812016700167873,0.351070411713017,0.466238613446088
"425",387.636291503906,100.354797363281,94.6626739501953,0.813754984744196,0.806901031849861,0.486296044296456,0.335301181180813
"426",374.563201904297,97.8759460449219,95.6084518432617,0.404816446516498,0.671946685811568,-0.730373901402607,-0.122644264345239
"427",374.456329345703,98.5238342285156,95.7920455932617,0.563964260376751,0.722330493654405,-0.690778364395566,0.0326176213107192
"428",393.498291015625,101.188163757324,95.8102874755859,0.754544626417898,0.885973939150168,0.449182222347419,-0.115262787896912
"429",392.838012695312,101.015548706055,95.8244476318359,0.863727296799912,0.902281319234982,0.305659782269939,-0.30407321233919
"430",392.182434082031,100.823837280273,95.8220367431641,0.999844865847892,0.96213721349156,0.272555661387895,0.00232246853646762
"431",391.546508789062,100.64705657959,95.8166198730469,0.918333991992106,0.996566562283998,0.082789813533264,0.000966288042553127
"432",390.89599609375,100.452262878418,95.8062744140625,0.937949531077047,0.999802846273616,-0.019657320080245,0.00280327494895904
"433",394.862274169922,102.212417602539,95.8592681884766,0.754544626417898,0.885973939150168,0.449182222347419,-0.115262787896912
"434",390.235717773438,100.940277099609,95.8295211791992,0.933405976914943,0.999895196999697,-0.00927265594753704,0.0111181324248403
"435",389.588043212891,100.736137390137,95.8062744140625,0.821712790345142,0.934114474825519,0.0334471760237914,0.355403199672539
"436",388.957977294922,100.530303955078,95.7801666259766,0.907778388979012,0.860510498506355,0.172560221554417,0.479316859600656
